{
  "2002.29": { "val1":0, "val2":0.919171423},
  "2002.35": { "val1":62.12, "val2":0.948691508},
  "2002.62": { "val1":-176.07, "val2":0.835501086},
  "2002.71": { "val1":170.09, "val2":1},
  "2002.79": { "val1":33.71, "val2":0.935190773},
  "2002.87": { "val1":-81.62, "val2":0.880384731},
  "2002.96": { "val1":-51.14, "val2":0.894869151},
  "2003.04": { "val1":-249.68, "val2":0.800520831},
  "2003.12": { "val1":-168.66, "val2":0.839022397},
  "2003.2": { "val1":-238.74, "val2":0.805719635},
  "2003.29": { "val1":-143.83, "val2":0.850821877},
  "2003.36": { "val1":-29.82, "val2":0.905000642},
  "2003.54": { "val1":-139.58, "val2":0.852841522},
  "2003.62": { "val1":-118.44, "val2":0.862887475},
  "2003.71": { "val1":-48.72, "val2":0.89601916},
  "2003.79": { "val1":-84.84, "val2":0.878854552},
  "2003.87": { "val1":-107.17, "val2":0.868243099},
  "2003.96": { "val1":-83.32, "val2":0.879576872},
  "2004.02": { "val1":-218.59, "val2":0.81529513},
  "2004.13": { "val1":-604.75, "val2":0.63178779},
  "2004.21": { "val1":-322.73, "val2":0.765806694},
  "2004.29": { "val1":-412.72, "val2":0.723042489},
  "2004.37": { "val1":-98.4, "val2":0.872410696},
  "2004.46": { "val1":-99.73, "val2":0.871778666},
  "2004.54": { "val1":-331.48, "val2":0.761648601},
  "2004.62": { "val1":-361.87, "val2":0.747206949},
  "2004.71": { "val1":-287.24, "val2":0.782671919},
  "2004.79": { "val1":78, "val2":0.956237852},
  "2004.87": { "val1":-181.62, "val2":0.832863667},
  "2004.96": { "val1":-229.19, "val2":0.810257897},
  "2005.04": { "val1":-323.17, "val2":0.765597601},
  "2005.12": { "val1":-379.81, "val2":0.738681671},
  "2005.2": { "val1":-362.53, "val2":0.74689331},
  "2005.29": { "val1":-276.68, "val2":0.787690144},
  "2005.37": { "val1":-285.66, "val2":0.783422752},
  "2005.46": { "val1":-196.75, "val2":0.82567373},
  "2005.54": { "val1":-128.12, "val2":0.858287436},
  "2005.62": { "val1":-342.36, "val2":0.756478309},
  "2005.71": { "val1":-109.54, "val2":0.86711685},
  "2005.79": { "val1":-121.62, "val2":0.861376305},
  "2005.87": { "val1":-97.43, "val2":0.87287165},
  "2005.96": { "val1":-137.23, "val2":0.853958267},
  "2006.04": { "val1":-315.63, "val2":0.769180689},
  "2006.12": { "val1":-340.25, "val2":0.757481003},
  "2006.2": { "val1":-296.39, "val2":0.778323742},
  "2006.29": { "val1":-307.18, "val2":0.773196219},
  "2006.37": { "val1":-178.31, "val2":0.834436614},
  "2006.45": { "val1":-154.18, "val2":0.845903447},
  "2006.54": { "val1":-196.17, "val2":0.825949352},
  "2006.62": { "val1":2.39, "val2":0.920307176},
  "2006.71": { "val1":-10.96, "val2":0.913963114},
  "2006.79": { "val1":-74.55, "val2":0.88374447},
  "2006.87": { "val1":-162.59, "val2":0.841906925},
  "2006.96": { "val1":-244.63, "val2":0.802920645},
  "2007.04": { "val1":-451.67, "val2":0.704533034},
  "2007.12": { "val1":-427.09, "val2":0.716213712},
  "2007.2": { "val1":-453.85, "val2":0.703497075},
  "2007.29": { "val1":-356.27, "val2":0.749868129},
  "2007.37": { "val1":-70.24, "val2":0.885792628},
  "2007.45": { "val1":-269.1, "val2":0.79129224},
  "2007.54": { "val1":-295.85, "val2":0.778580356},
  "2007.62": { "val1":-222.92, "val2":0.813237468},
  "2007.71": { "val1":-196.99, "val2":0.825559679},
  "2007.79": { "val1":-374.88, "val2":0.741024459},
  "2007.87": { "val1":-467.93, "val2":0.696806109},
  "2007.96": { "val1":-469.47, "val2":0.696074285},
  "2008.04": { "val1":-715.07, "val2":0.579362552},
  "2008.12": { "val1":-676.06, "val2":0.597900519},
  "2008.21": { "val1":-660.57, "val2":0.605261532},
  "2008.29": { "val1":-515.51, "val2":0.674195587},
  "2008.37": { "val1":-518.89, "val2":0.672589375},
  "2008.46": { "val1":-484.19, "val2":0.689079184},
  "2008.54": { "val1":-764.67, "val2":0.555792105},
  "2008.62": { "val1":-821.51, "val2":0.528781132},
  "2008.71": { "val1":-540.05, "val2":0.662533918},
  "2008.79": { "val1":-536.66, "val2":0.664144882},
  "2008.87": { "val1":-476.17, "val2":0.692890374},
  "2008.96": { "val1":-572.55, "val2":0.647089572},
  "2009.04": { "val1":-682.62, "val2":0.594783138},
  "2009.12": { "val1":-641.78, "val2":0.61419074},
  "2009.2": { "val1":-592.27, "val2":0.637718419},
  "2009.29": { "val1":-577.59, "val2":0.644694511},
  "2009.37": { "val1":-572.47, "val2":0.647127589},
  "2009.46": { "val1":-570.43, "val2":0.648097019},
  "2009.54": { "val1":-546.31, "val2":0.6595591},
  "2009.62": { "val1":-550.68, "val2":0.657482429},
  "2009.71": { "val1":-544.09, "val2":0.660614067},
  "2009.79": { "val1":-548.48, "val2":0.658527892},
  "2009.87": { "val1":-587.92, "val2":0.639785585},
  "2009.96": { "val1":-587.78, "val2":0.639852114},
  "2010.04": { "val1":-846.48, "val2":0.516915123},
  "2010.12": { "val1":-671.72, "val2":0.599962934},
  "2010.2": { "val1":-621.76, "val2":0.623704457},
  "2010.29": { "val1":-706.68, "val2":0.58334957},
  "2010.37": { "val1":-727.68, "val2":0.573370146},
  "2010.45": { "val1":-809.36, "val2":0.534554941},
  "2010.54": { "val1":-1071.51, "val2":0.409978473},
  "2010.62": { "val1":-953.83, "val2":0.465901261},
  "2010.71": { "val1":-841.41, "val2":0.519324441},
  "2010.79": { "val1":-935.26, "val2":0.474725922},
  "2010.87": { "val1":-928.85, "val2":0.477772022},
  "2010.96": { "val1":-789.81, "val2":0.543845309},
  "2011.13": { "val1":-1033.29, "val2":0.428141024},
  "2011.2": { "val1":-1086.26, "val2":0.402969116},
  "2011.29": { "val1":-1138.23, "val2":0.378272419},
  "2011.37": { "val1":-1017.76, "val2":0.435521045},
  "2011.55": { "val1":-1035.13, "val2":0.427266636},
  "2011.62": { "val1":-951.88, "val2":0.466827921},
  "2011.71": { "val1":-827.31, "val2":0.526024911},
  "2011.79": { "val1":-914.18, "val2":0.484743362},
  "2011.83": { "val1":-611.65, "val2":0.628508837},
  "2012": { "val1":-948.14, "val2":0.468605209},
  "2012.04": { "val1":-1066.81, "val2":0.412211963},
  "2012.12": { "val1":-1088.57, "val2":0.401871379},
  "2012.21": { "val1":-1025.66, "val2":0.431766881},
  "2012.27": { "val1":-1043.95, "val2":0.423075278},
  "2012.46": { "val1":-1028.25, "val2":0.430536085},
  "2012.54": { "val1":-1196.57, "val2":0.350548631},
  "2012.62": { "val1":-987.23, "val2":0.450029225},
  "2012.7": { "val1":-734.95, "val2":0.569915365},
  "2012.89": { "val1":-807.52, "val2":0.535429329},
  "2012.96": { "val1":-996.11, "val2":0.445809355},
  "2013.04": { "val1":-1220.58, "val2":0.339138823},
  "2013.12": { "val1":-1329.47, "val2":0.287393137},
  "2013.3": { "val1":-1116.96, "val2":0.38838015},
  "2013.37": { "val1":-994.06, "val2":0.446783537},
  "2013.46": { "val1":-989.43, "val2":0.448983762},
  "2013.54": { "val1":-1085.24, "val2":0.403453831},
  "2013.79": { "val1":-1066.72, "val2":0.412254732},
  "2013.87": { "val1":-1215.76, "val2":0.341429339},
  "2013.96": { "val1":-1162.48, "val2":0.366748561},
  "2014.02": { "val1":-1424.32, "val2":0.242319408},
  "2014.21": { "val1":-1606.66, "val2":0.155669501},
  "2014.29": { "val1":-1386.24, "val2":0.260415429},
  "2014.37": { "val1":-1253.63, "val2":0.323433112},
  "2014.45": { "val1":-1480.57, "val2":0.21558881},
  "2014.62": { "val1":-1531.72, "val2":0.191281786},
  "2014.71": { "val1":-1252.97, "val2":0.323746751},
  "2014.79": { "val1":-1383.92, "val2":0.261517918},
  "2014.88": { "val1":-1321.53, "val2":0.291166309},
  "2015.06": { "val1":-1687.98, "val2":0.117025371},
  "2015.12": { "val1":-1697.55, "val2":0.112477606},
  "2015.2": { "val1":-1808.1, "val2":0.05994307},
  "2015.29": { "val1":-1825.73, "val2":0.051565106},
  "2015.32": { "val1":-1735.62, "val2":0.094386337},
  "2015.53": { "val1":-1862.28, "val2":0.034196157},
  "2015.62": { "val1":-1934.24, "val2":0},
  "2015.7": { "val1":-1778.25, "val2":0.074128107},
  "2015.97": { "val1":-1637.34, "val2":0.141090038},
  "2016.04": { "val1":-1604.18, "val2":0.156848023},
  "2016.12": { "val1":-1679.21, "val2":0.121192969},
  "2016.21": { "val1":-1516.72, "val2":0.198409945},
  "2016.38": { "val1":-1755.32, "val2":0.085024687},
  "2016.46": { "val1":-1611.07, "val2":0.153573822},
  "2016.54": { "val1":-1750.97,